[{"model": "admin.logentry", "pk": 1, "fields": {"action_time": "2025-01-14T15:40:37.445Z", "user": 1, "content_type": 7, "object_id": "1", "object_repr": "Tech", "action_flag": 1, "change_message": "[{\"added\": {}}]"}}, {"model": "admin.logentry", "pk": 2, "fields": {"action_time": "2025-01-14T15:43:39.855Z", "user": 1, "content_type": 8, "object_id": "1", "object_repr": "MacBook Pro", "action_flag": 1, "change_message": "[{\"added\": {}}]"}}, {"model": "admin.logentry", "pk": 3, "fields": {"action_time": "2025-01-14T15:52:01.662Z", "user": 1, "content_type": 7, "object_id": "2", "object_repr": "Tech > Laptops", "action_flag": 1, "change_message": "[{\"added\": {}}]"}}, {"model": "admin.logentry", "pk": 4, "fields": {"action_time": "2025-01-14T15:52:10.241Z", "user": 1, "content_type": 8, "object_id": "1", "object_repr": "MacBook Pro", "action_flag": 2, "change_message": "[{\"changed\": {\"fields\": [\"Category\"]}}]"}}, {"model": "admin.logentry", "pk": 5, "fields": {"action_time": "2025-01-15T12:19:59.174Z", "user": 1, "content_type": 7, "object_id": "2", "object_repr": "Tech > Laptops", "action_flag": 3, "change_message": ""}}, {"model": "admin.logentry", "pk": 6, "fields": {"action_time": "2025-01-15T12:19:59.174Z", "user": 1, "content_type": 7, "object_id": "1", "object_repr": "Tech", "action_flag": 3, "change_message": ""}}, {"model": "admin.logentry", "pk": 7, "fields": {"action_time": "2025-01-15T12:20:09.934Z", "user": 1, "content_type": 7, "object_id": "3", "object_repr": "Skincare", "action_flag": 1, "change_message": "[{\"added\": {}}]"}}, {"model": "admin.logentry", "pk": 8, "fields": {"action_time": "2025-01-15T12:20:27.542Z", "user": 1, "content_type": 7, "object_id": "4", "object_repr": "Skincare > Moisturizers", "action_flag": 1, "change_message": "[{\"added\": {}}]"}}, {"model": "admin.logentry", "pk": 9, "fields": {"action_time": "2025-01-15T12:20:40.358Z", "user": 1, "content_type": 7, "object_id": "5", "object_repr": "Skincare > Makeup removers", "action_flag": 1, "change_message": "[{\"added\": {}}]"}}, {"model": "admin.logentry", "pk": 10, "fields": {"action_time": "2025-01-15T12:20:53.065Z", "user": 1, "content_type": 7, "object_id": "6", "object_repr": "Skincare > Exfoliants", "action_flag": 1, "change_message": "[{\"added\": {}}]"}}, {"model": "admin.logentry", "pk": 11, "fields": {"action_time": "2025-01-15T12:21:00.548Z", "user": 1, "content_type": 7, "object_id": "7", "object_repr": "Makeup", "action_flag": 1, "change_message": "[{\"added\": {}}]"}}, {"model": "admin.logentry", "pk": 12, "fields": {"action_time": "2025-01-15T12:21:07.533Z", "user": 1, "content_type": 7, "object_id": "8", "object_repr": "Makeup > Mascara", "action_flag": 1, "change_message": "[{\"added\": {}}]"}}, {"model": "admin.logentry", "pk": 13, "fields": {"action_time": "2025-01-15T13:20:28.280Z", "user": 1, "content_type": 8, "object_id": "2", "object_repr": "Vinoperfect serum", "action_flag": 1, "change_message": "[{\"added\": {}}]"}}, {"model": "admin.logentry", "pk": 14, "fields": {"action_time": "2025-01-15T13:21:33.652Z", "user": 1, "content_type": 7, "object_id": "9", "object_repr": "Makeup > Foundation/BB creams", "action_flag": 1, "change_message": "[{\"added\": {}}]"}}, {"model": "admin.logentry", "pk": 15, "fields": {"action_time": "2025-01-15T13:21:43.317Z", "user": 1, "content_type": 7, "object_id": "10", "object_repr": "Skincare > Masks", "action_flag": 1, "change_message": "[{\"added\": {}}]"}}, {"model": "admin.logentry", "pk": 16, "fields": {"action_time": "2025-01-15T13:21:58.422Z", "user": 1, "content_type": 7, "object_id": "11", "object_repr": "Skincare > Sunscreen", "action_flag": 1, "change_message": "[{\"added\": {}}]"}}, {"model": "admin.logentry", "pk": 17, "fields": {"action_time": "2025-01-15T13:23:12.952Z", "user": 1, "content_type": 8, "object_id": "3", "object_repr": "M Perfect Cover BB Cream SPF42", "action_flag": 1, "change_message": "[{\"added\": {}}]"}}, {"model": "admin.logentry", "pk": 18, "fields": {"action_time": "2025-01-15T13:24:56.190Z", "user": 1, "content_type": 8, "object_id": "4", "object_repr": "Clear Improvement Charcoal Mask", "action_flag": 1, "change_message": "[{\"added\": {}}]"}}, {"model": "admin.logentry", "pk": 19, "fields": {"action_time": "2025-01-15T13:26:23.299Z", "user": 1, "content_type": 8, "object_id": "5", "object_repr": "Cleanance Hydra Soothing cream", "action_flag": 1, "change_message": "[{\"added\": {}}]"}}, {"model": "admin.logentry", "pk": 20, "fields": {"action_time": "2025-01-15T13:27:41.484Z", "user": 1, "content_type": 8, "object_id": "6", "object_repr": "Endocare gel cream", "action_flag": 1, "change_message": "[{\"added\": {}}]"}}, {"model": "admin.logentry", "pk": 21, "fields": {"action_time": "2025-01-15T13:29:39.020Z", "user": 1, "content_type": 8, "object_id": "7", "object_repr": "Sunbrella demi make-up SPF 30", "action_flag": 1, "change_message": "[{\"added\": {}}]"}}, {"model": "admin.logentry", "pk": 22, "fields": {"action_time": "2025-01-22T10:40:33.532Z", "user": 1, "content_type": 11, "object_id": "1", "object_repr": "Address for Angelina Chigrinetc", "action_flag": 3, "change_message": ""}}, {"model": "admin.logentry", "pk": 23, "fields": {"action_time": "2025-01-22T15:16:22.969Z", "user": 1, "content_type": 11, "object_id": "2", "object_repr": "Address for  ", "action_flag": 3, "change_message": ""}}, {"model": "admin.logentry", "pk": 24, "fields": {"action_time": "2025-01-22T16:25:12.812Z", "user": 1, "content_type": 4, "object_id": "2", "object_repr": "test_user", "action_flag": 1, "change_message": "[{\"added\": {}}]"}}, {"model": "admin.logentry", "pk": 25, "fields": {"action_time": "2025-01-22T16:25:36.142Z", "user": 1, "content_type": 4, "object_id": "2", "object_repr": "test_user", "action_flag": 2, "change_message": "[{\"changed\": {\"fields\": [\"Email address\"]}}]"}}, {"model": "admin.logentry", "pk": 26, "fields": {"action_time": "2025-01-28T15:27:19.017Z", "user": 1, "content_type": 17, "object_id": "2", "object_repr": "angelinachigrinets on Cleanance Hydra Soothing cream", "action_flag": 3, "change_message": ""}}, {"model": "admin.logentry", "pk": 27, "fields": {"action_time": "2025-01-28T15:27:19.017Z", "user": 1, "content_type": 17, "object_id": "1", "object_repr": "angelinachigrinets on Clear Improvement Charcoal Mask", "action_flag": 3, "change_message": ""}}, {"model": "admin.logentry", "pk": 28, "fields": {"action_time": "2025-01-29T12:04:30.474Z", "user": 1, "content_type": 8, "object_id": "5", "object_repr": "Cleanance Hydra Soothing cream", "action_flag": 2, "change_message": "[{\"changed\": {\"fields\": [\"Description\"]}}]"}}, {"model": "admin.logentry", "pk": 29, "fields": {"action_time": "2025-01-29T13:11:57.114Z", "user": 1, "content_type": 8, "object_id": "8", "object_repr": "Heliocare Age Active Fluid", "action_flag": 1, "change_message": "[{\"added\": {}}]"}}, {"model": "admin.logentry", "pk": 30, "fields": {"action_time": "2025-01-29T13:13:30.348Z", "user": 1, "content_type": 8, "object_id": "9", "object_repr": "Soothing eye contour cream", "action_flag": 1, "change_message": "[{\"added\": {}}]"}}, {"model": "admin.logentry", "pk": 31, "fields": {"action_time": "2025-01-29T13:15:07.336Z", "user": 1, "content_type": 8, "object_id": "10", "object_repr": "Age Stellar Extra intense angi-age youth cream", "action_flag": 1, "change_message": "[{\"added\": {}}]"}}, {"model": "admin.logentry", "pk": 32, "fields": {"action_time": "2025-01-29T13:16:15.688Z", "user": 1, "content_type": 8, "object_id": "11", "object_repr": "Firming eye cream", "action_flag": 1, "change_message": "[{\"added\": {}}]"}}, {"model": "admin.logentry", "pk": 33, "fields": {"action_time": "2025-01-29T13:16:44.130Z", "user": 1, "content_type": 7, "object_id": "12", "object_repr": "Makeup > Setting sprays", "action_flag": 1, "change_message": "[{\"added\": {}}]"}}, {"model": "admin.logentry", "pk": 34, "fields": {"action_time": "2025-01-29T13:16:50.887Z", "user": 1, "content_type": 7, "object_id": "13", "object_repr": "Haircare", "action_flag": 1, "change_message": "[{\"added\": {}}]"}}, {"model": "admin.logentry", "pk": 35, "fields": {"action_time": "2025-01-29T13:16:59.877Z", "user": 1, "content_type": 7, "object_id": "14", "object_repr": "Bodycare", "action_flag": 1, "change_message": "[{\"added\": {}}]"}}, {"model": "admin.logentry", "pk": 36, "fields": {"action_time": "2025-01-29T13:17:07.627Z", "user": 1, "content_type": 7, "object_id": "15", "object_repr": "Perfumes", "action_flag": 1, "change_message": "[{\"added\": {}}]"}}, {"model": "admin.logentry", "pk": 37, "fields": {"action_time": "2025-01-29T13:18:56.307Z", "user": 1, "content_type": 8, "object_id": "12", "object_repr": "Airbrush Flawless Setting Spray", "action_flag": 1, "change_message": "[{\"added\": {}}]"}}, {"model": "admin.logentry", "pk": 38, "fields": {"action_time": "2025-01-29T13:20:15.161Z", "user": 1, "content_type": 8, "object_id": "13", "object_repr": "Uniq One All in One Hair Treatment", "action_flag": 1, "change_message": "[{\"added\": {}}]"}}, {"model": "admin.logentry", "pk": 39, "fields": {"action_time": "2025-01-29T13:21:29.608Z", "user": 1, "content_type": 8, "object_id": "14", "object_repr": "Cherry body cream", "action_flag": 1, "change_message": "[{\"added\": {}}]"}}, {"model": "admin.logentry", "pk": 40, "fields": {"action_time": "2025-01-29T13:23:17.591Z", "user": 1, "content_type": 8, "object_id": "15", "object_repr": "Cocoa Butter Body Cream", "action_flag": 1, "change_message": "[{\"added\": {}}]"}}, {"model": "admin.logentry", "pk": 41, "fields": {"action_time": "2025-01-29T13:24:54.204Z", "user": 1, "content_type": 8, "object_id": "16", "object_repr": "Forever Glow styling oil", "action_flag": 1, "change_message": "[{\"added\": {}}]"}}, {"model": "admin.logentry", "pk": 42, "fields": {"action_time": "2025-01-29T13:26:12.077Z", "user": 1, "content_type": 8, "object_id": "17", "object_repr": "Irresistible", "action_flag": 1, "change_message": "[{\"added\": {}}]"}}, {"model": "admin.logentry", "pk": 43, "fields": {"action_time": "2025-01-29T13:27:51.488Z", "user": 1, "content_type": 8, "object_id": "18", "object_repr": "Coconut Milk Anti breakage serum", "action_flag": 1, "change_message": "[{\"added\": {}}]"}}, {"model": "admin.logentry", "pk": 44, "fields": {"action_time": "2025-01-29T13:29:00.614Z", "user": 1, "content_type": 8, "object_id": "19", "object_repr": "Dry shampoo", "action_flag": 1, "change_message": "[{\"added\": {}}]"}}, {"model": "admin.logentry", "pk": 45, "fields": {"action_time": "2025-01-29T13:30:13.527Z", "user": 1, "content_type": 8, "object_id": "20", "object_repr": "High Tech hair spray", "action_flag": 1, "change_message": "[{\"added\": {}}]"}}, {"model": "admin.logentry", "pk": 46, "fields": {"action_time": "2025-01-29T13:31:14.863Z", "user": 1, "content_type": 7, "object_id": "8", "object_repr": "Makeup > Mascara", "action_flag": 3, "change_message": ""}}, {"model": "auth.user", "pk": 1, "fields": {"password": "pbkdf2_sha256$870000$yECoRlQKmE2eJZObVLMx6R$Rw9vTP3o0z+6LZFRkjJil8BYCws83O2uIkjZIANCWZo=", "last_login": "2025-01-30T08:36:19.286Z", "is_superuser": true, "username": "angelinachigrinets", "first_name": "", "last_name": "", "email": "example@gmail.com", "is_staff": true, "is_active": true, "date_joined": "2025-01-14T15:17:09.729Z", "groups": [], "user_permissions": []}}, {"model": "auth.user", "pk": 2, "fields": {"password": "pbkdf2_sha256$870000$L3Dxs8BgB2XynYFRYrxr7Y$pT/2iWdd38fmLB1kwsY17DWCqN7QqoPE7002xz42RFo=", "last_login": "2025-01-29T16:50:09.444Z", "is_superuser": false, "username": "test_user", "first_name": "", "last_name": "", "email": "angelinachigrinets@gmail.com", "is_staff": false, "is_active": true, "date_joined": "2025-01-22T16:25:12Z", "groups": [], "user_permissions": []}}, {"model": "auth.user", "pk": 3, "fields": {"password": "pbkdf2_sha256$870000$2yLJ6HeLGdhxtAqRkMkuxK$25gzJ4hHaDuwbrxQjM5WNt9lIhRbCdTsjwp8au6V2p0=", "last_login": null, "is_superuser": false, "username": "test", "first_name": "", "last_name": "", "email": "test@example.com", "is_staff": false, "is_active": true, "date_joined": "2025-01-29T17:17:29.093Z", "groups": [], "user_permissions": []}}, {"model": "auth.user", "pk": 4, "fields": {"password": "pbkdf2_sha256$870000$0od2qGSmAEK9XTqU6myYcV$+P4qHQsXER/bp53cLLlpoPPDtDzwJFdgCCIYHaS5n8U=", "last_login": null, "is_superuser": false, "username": "test_user1", "first_name": "", "last_name": "", "email": "test_user1@example.com", "is_staff": false, "is_active": true, "date_joined": "2025-01-29T17:37:05.408Z", "groups": [], "user_permissions": []}}, {"model": "auth.user", "pk": 5, "fields": {"password": "pbkdf2_sha256$870000$q2Vanvcsxn8WqiMT7LZbl6$y4fBvD8j77oykqcYtqADGbC8hE2HY1H4+RCvrhDywRU=", "last_login": null, "is_superuser": false, "username": "test1", "first_name": "", "last_name": "", "email": "test1@example.com", "is_staff": false, "is_active": true, "date_joined": "2025-01-30T08:20:03.798Z", "groups": [], "user_permissions": []}}, {"model": "sessions.session", "pk": "83dbt3730ioey9iy2m69s2nbxok53htu", "fields": {"session_data": ".eJxVjUEOgyAURO_C2hD5BUWX3fcM5IPfSm2wBVw0xrtXEhftZjKZmbzZmME1T2ZNFI0fWM8Eq34zi26mUIrhgeG-cLeEHL3lZcLPNvHbMtDzem7_ABOmqWAJoUZsZSMUOLqM0ipRo7YNAjSWjkzpUbW6u7SkpAasSWqSQFprAHdAE6Xkl2Acxmxm-rB-Y7LIOx8eKvaK3lH5Erzr2L7vX5y3R4A:1tYREk:VhBr19CjYVc_b9gJYADVq14aO_GyADfNXxTrarSAew0", "expire_date": "2025-01-30T14:52:46.170Z"}}, {"model": "sessions.session", "pk": "ob10yzpo3cfxuho8b8o7aj8f1c5obav5", "fields": {"session_data": ".eJxVjEEOgyAQAP_CuSG6Am499u4byIJrtTaQgB4a498riYf2OjOZXVja1slumZOdB9GJWtx-mSO_cChieFF4RuljWNPsZEnkZbPs48Dvx9X-DSbKU9kyQUXUKlNr8NyMyum6InSGAIzjk2kcdYv3pmWtEKhihayAERHAn9PMOc8xWE9ptQt_RLcfxxf6xD_F:1tdoTe:TNWdEAosr9Awh7_mITXH4r8sBZhEiMnbF9KwBiT3QfU", "expire_date": "2025-02-14T10:42:22.423Z"}}, {"model": "sessions.session", "pk": "zbq7l1h6pneqm5rfsgpl35fiej4niy56", "fields": {"session_data": "eyJzZXNzaW9uX2NhcnRfa2V5Ijp7fX0:1td4V1:bAEc2YOTAhJpWI-kcaUD6QjTyErryPcqwg_vaa0qUnQ", "expire_date": "2025-02-12T09:36:43.230Z"}}, {"model": "thumbnail.kvstore", "pk": "sorl-thumbnail||image||00a70840601de20fe4cfe43d76882c9f", "fields": {"value": "{\"name\": \"cache/63/67/6367a0555f830f7799af129b3021c16b.jpg\", \"storage\": \"django.core.files.storage.filesystem.FileSystemStorage\", \"size\": [320, 400]}"}}, {"model": "thumbnail.kvstore", "pk": "sorl-thumbnail||image||04d7b44ba443ba45405539e88bcaf197", "fields": {"value": "{\"name\": \"items/items/2025/01/29/8.png\", \"storage\": \"django.core.files.storage.filesystem.FileSystemStorage\", \"size\": [1080, 1350]}"}}, {"model": "thumbnail.kvstore", "pk": "sorl-thumbnail||image||0a6ba0294efb9ae6b48fddf337a46a35", "fields": {"value": "{\"name\": \"cache/1f/30/1f3005f1033566d08f64be9e534f5612.jpg\", \"storage\": \"django.core.files.storage.filesystem.FileSystemStorage\", \"size\": [320, 400]}"}}, {"model": "thumbnail.kvstore", "pk": "sorl-thumbnail||image||114fae796c8c1e47d420af1673ef4f89", "fields": {"value": "{\"name\": \"items/items/2025/01/29/4.png\", \"storage\": \"django.core.files.storage.filesystem.FileSystemStorage\", \"size\": [1080, 1350]}"}}, {"model": "thumbnail.kvstore", "pk": "sorl-thumbnail||image||1fc62d10b8c47a68ca1b22ab246fad79", "fields": {"value": "{\"name\": \"cache/60/99/6099295397535b00726af0303d58ddaf.jpg\", \"storage\": \"django.core.files.storage.filesystem.FileSystemStorage\", \"size\": [320, 400]}"}}, {"model": "thumbnail.kvstore", "pk": "sorl-thumbnail||image||22f61cea8589ecaf5778cafaacb088cd", "fields": {"value": "{\"name\": \"items/items/2025/01/29/10.png\", \"storage\": \"django.core.files.storage.filesystem.FileSystemStorage\", \"size\": [1080, 1350]}"}}, {"model": "thumbnail.kvstore", "pk": "sorl-thumbnail||image||2a1c40f613a9e3acc91d36f5763614ba", "fields": {"value": "{\"name\": \"cache/52/8f/528ff7d3ec16a17a15b2752a4f569694.jpg\", \"storage\": \"django.core.files.storage.filesystem.FileSystemStorage\", \"size\": [320, 400]}"}}, {"model": "thumbnail.kvstore", "pk": "sorl-thumbnail||image||2d8348b5079febdfe42369bb3249b4c2", "fields": {"value": "{\"name\": \"items/items/2025/01/29/13.png\", \"storage\": \"django.core.files.storage.filesystem.FileSystemStorage\", \"size\": [1080, 1350]}"}}, {"model": "thumbnail.kvstore", "pk": "sorl-thumbnail||image||38b012ac00f00af659fd8b5ebdf9bfeb", "fields": {"value": "{\"name\": \"items/items/2025/01/29/5.png\", \"storage\": \"django.core.files.storage.filesystem.FileSystemStorage\", \"size\": [1080, 1350]}"}}, {"model": "thumbnail.kvstore", "pk": "sorl-thumbnail||image||44a576271fb8d8543ae09236def8edb1", "fields": {"value": "{\"name\": \"cache/ae/64/ae64968281e9fcaf0d8c2cc0ba6357fd.jpg\", \"storage\": \"django.core.files.storage.filesystem.FileSystemStorage\", \"size\": [320, 400]}"}}, {"model": "thumbnail.kvstore", "pk": "sorl-thumbnail||image||46347163fe4a3cf321448be243dbf444", "fields": {"value": "{\"name\": \"cache/bf/80/bf80e841f46faeb63adc0c23beec8a57.jpg\", \"storage\": \"django.core.files.storage.filesystem.FileSystemStorage\", \"size\": [160, 200]}"}}, {"model": "thumbnail.kvstore", "pk": "sorl-thumbnail||image||46b78cfe24fd59b7161c68aac12316db", "fields": {"value": "{\"name\": \"cache/40/fc/40fc1429713bf27d2663b6a67617a5fa.jpg\", \"storage\": \"django.core.files.storage.filesystem.FileSystemStorage\", \"size\": [320, 400]}"}}, {"model": "thumbnail.kvstore", "pk": "sorl-thumbnail||image||492a5443158e74a3a0e3d09281477c82", "fields": {"value": "{\"name\": \"items/items/2025/01/15/4.jpg\", \"storage\": \"django.core.files.storage.filesystem.FileSystemStorage\", \"size\": [1080, 1350]}"}}, {"model": "thumbnail.kvstore", "pk": "sorl-thumbnail||image||5ad53c175e0fbf2e6e68a9e25600b635", "fields": {"value": "{\"name\": \"cache/73/7d/737d38d66b73a707aff0e760ca9866be.jpg\", \"storage\": \"django.core.files.storage.filesystem.FileSystemStorage\", \"size\": [320, 400]}"}}, {"model": "thumbnail.kvstore", "pk": "sorl-thumbnail||image||5f5ed02bc2477fc3d98238c5a939bc92", "fields": {"value": "{\"name\": \"items/items/2025/01/15/2.jpg\", \"storage\": \"django.core.files.storage.filesystem.FileSystemStorage\", \"size\": [1080, 1350]}"}}, {"model": "thumbnail.kvstore", "pk": "sorl-thumbnail||image||668cc701499e18ba399edbc2f6b99b21", "fields": {"value": "{\"name\": \"cache/9d/67/9d67067fb1eac190963a2742ed5a73eb.jpg\", \"storage\": \"django.core.files.storage.filesystem.FileSystemStorage\", \"size\": [320, 400]}"}}, {"model": "thumbnail.kvstore", "pk": "sorl-thumbnail||image||677c52e5a771d10cb03ef3c8472c116f", "fields": {"value": "{\"name\": \"items/items/2025/01/29/3.png\", \"storage\": \"django.core.files.storage.filesystem.FileSystemStorage\", \"size\": [1080, 1350]}"}}, {"model": "thumbnail.kvstore", "pk": "sorl-thumbnail||image||69cc35a1b491a9e4889e1070d0f60a9e", "fields": {"value": "{\"name\": \"cache/2c/3b/2c3bff21b349f2ef5afd9b394aaec137.jpg\", \"storage\": \"django.core.files.storage.filesystem.FileSystemStorage\", \"size\": [320, 400]}"}}, {"model": "thumbnail.kvstore", "pk": "sorl-thumbnail||image||6c51bff6486ba0d2c336e438b339b933", "fields": {"value": "{\"name\": \"cache/cf/1d/cf1d0b7e9ea1a7dd64137fc8d216abc7.jpg\", \"storage\": \"django.core.files.storage.filesystem.FileSystemStorage\", \"size\": [320, 400]}"}}, {"model": "thumbnail.kvstore", "pk": "sorl-thumbnail||image||6f76b481432b595ed3feece345510fb8", "fields": {"value": "{\"name\": \"items/items/2025/01/15/6.jpg\", \"storage\": \"django.core.files.storage.filesystem.FileSystemStorage\", \"size\": [1080, 1350]}"}}, {"model": "thumbnail.kvstore", "pk": "sorl-thumbnail||image||7044e373e5ade8992f3328692213d191", "fields": {"value": "{\"name\": \"cache/01/be/01be58deca3b24983dbc76f163da54b6.jpg\", \"storage\": \"django.core.files.storage.filesystem.FileSystemStorage\", \"size\": [320, 400]}"}}, {"model": "thumbnail.kvstore", "pk": "sorl-thumbnail||image||7326ed3ba6c7b4dc03743791443b38c4", "fields": {"value": "{\"name\": \"items/items/2025/01/29/11.png\", \"storage\": \"django.core.files.storage.filesystem.FileSystemStorage\", \"size\": [1080, 1350]}"}}, {"model": "thumbnail.kvstore", "pk": "sorl-thumbnail||image||86189afad746f6b9a3b5576d072f05cd", "fields": {"value": "{\"name\": \"cache/15/42/154251e51c8cc98a71aeb3b41b1dc7a5.jpg\", \"storage\": \"django.core.files.storage.filesystem.FileSystemStorage\", \"size\": [320, 400]}"}}, {"model": "thumbnail.kvstore", "pk": "sorl-thumbnail||image||8a66e9e037e3158adcd2af6b2be53efa", "fields": {"value": "{\"name\": \"items/items/2025/01/29/6.png\", \"storage\": \"django.core.files.storage.filesystem.FileSystemStorage\", \"size\": [1080, 1350]}"}}, {"model": "thumbnail.kvstore", "pk": "sorl-thumbnail||image||9237071e73ea3db62be74221d73b2556", "fields": {"value": "{\"name\": \"cache/2d/63/2d6361a42ff5c24f10a7703b2f9c39d4.jpg\", \"storage\": \"django.core.files.storage.filesystem.FileSystemStorage\", \"size\": [160, 200]}"}}, {"model": "thumbnail.kvstore", "pk": "sorl-thumbnail||image||95a54eca457fddc78dfffd8daa948dbe", "fields": {"value": "{\"name\": \"items/items/2025/01/15/3.jpg\", \"storage\": \"django.core.files.storage.filesystem.FileSystemStorage\", \"size\": [1080, 1350]}"}}, {"model": "thumbnail.kvstore", "pk": "sorl-thumbnail||image||a0365bd86030eeec7834c8a0b826af0e", "fields": {"value": "{\"name\": \"items/items/2025/01/29/7.png\", \"storage\": \"django.core.files.storage.filesystem.FileSystemStorage\", \"size\": [1080, 1350]}"}}, {"model": "thumbnail.kvstore", "pk": "sorl-thumbnail||image||ade9111700f8c0cbb9726eb640575bb8", "fields": {"value": "{\"name\": \"items/items/2025/01/29/12.png\", \"storage\": \"django.core.files.storage.filesystem.FileSystemStorage\", \"size\": [1080, 1350]}"}}, {"model": "thumbnail.kvstore", "pk": "sorl-thumbnail||image||b9901a235310460e3aeafe32bf739c29", "fields": {"value": "{\"name\": \"items/items/2025/01/29/2.png\", \"storage\": \"django.core.files.storage.filesystem.FileSystemStorage\", \"size\": [1080, 1350]}"}}, {"model": "thumbnail.kvstore", "pk": "sorl-thumbnail||image||c6a5bb24f88ea4634ac6161e35acb537", "fields": {"value": "{\"name\": \"cache/3a/a7/3aa79174033dfde72f20a43538ee2d8e.jpg\", \"storage\": \"django.core.files.storage.filesystem.FileSystemStorage\", \"size\": [320, 400]}"}}, {"model": "thumbnail.kvstore", "pk": "sorl-thumbnail||image||c90ee6f5d70e023614e740b3a933f415", "fields": {"value": "{\"name\": \"cache/62/84/628401c4bf642d8d4c40d417ebe07213.jpg\", \"storage\": \"django.core.files.storage.filesystem.FileSystemStorage\", \"size\": [320, 400]}"}}, {"model": "thumbnail.kvstore", "pk": "sorl-thumbnail||image||caaedc118e20711b63d094b93ff1d619", "fields": {"value": "{\"name\": \"cache/0b/66/0b66f38d1e683b744975af9e4b39a741.jpg\", \"storage\": \"django.core.files.storage.filesystem.FileSystemStorage\", \"size\": [320, 400]}"}}, {"model": "thumbnail.kvstore", "pk": "sorl-thumbnail||image||ce40ab7351ef421be165ae86271f5720", "fields": {"value": "{\"name\": \"items/items/2025/01/29/1.png\", \"storage\": \"django.core.files.storage.filesystem.FileSystemStorage\", \"size\": [1080, 1350]}"}}, {"model": "thumbnail.kvstore", "pk": "sorl-thumbnail||image||cfa9edb4fe74b0120f34563395253577", "fields": {"value": "{\"name\": \"items/items/2025/01/15/1.jpg\", \"storage\": \"django.core.files.storage.filesystem.FileSystemStorage\", \"size\": [1080, 1350]}"}}, {"model": "thumbnail.kvstore", "pk": "sorl-thumbnail||image||dbc76794ada309098a4b7bf56d007628", "fields": {"value": "{\"name\": \"cache/ee/4b/ee4b52f676cb4ba945116d9df2ab3c86.jpg\", \"storage\": \"django.core.files.storage.filesystem.FileSystemStorage\", \"size\": [160, 200]}"}}, {"model": "thumbnail.kvstore", "pk": "sorl-thumbnail||image||dd15ffcbd7c65b3e881a3893e09ea454", "fields": {"value": "{\"name\": \"cache/04/17/0417e37cf313611f15d61377e98caae0.jpg\", \"storage\": \"django.core.files.storage.filesystem.FileSystemStorage\", \"size\": [320, 400]}"}}, {"model": "thumbnail.kvstore", "pk": "sorl-thumbnail||image||e0c80d5513de3c2d58f4607e4770924b", "fields": {"value": "{\"name\": \"items/items/2025/01/29/9.png\", \"storage\": \"django.core.files.storage.filesystem.FileSystemStorage\", \"size\": [1080, 1350]}"}}, {"model": "thumbnail.kvstore", "pk": "sorl-thumbnail||image||e71a0e0186ccbfc973968288635d628c", "fields": {"value": "{\"name\": \"cache/eb/75/eb7535dd0598adc80d9217ed3414656a.jpg\", \"storage\": \"django.core.files.storage.filesystem.FileSystemStorage\", \"size\": [160, 200]}"}}, {"model": "thumbnail.kvstore", "pk": "sorl-thumbnail||image||eb8981334c40b3f881aaef868d4c6b11", "fields": {"value": "{\"name\": \"items/items/2025/01/15/5.jpg\", \"storage\": \"django.core.files.storage.filesystem.FileSystemStorage\", \"size\": [1080, 1350]}"}}, {"model": "thumbnail.kvstore", "pk": "sorl-thumbnail||image||f60e5fc2bb7083b7b8afa567c46c8e70", "fields": {"value": "{\"name\": \"cache/94/06/9406b77fc3fac02d2c49dc99110fdf62.jpg\", \"storage\": \"django.core.files.storage.filesystem.FileSystemStorage\", \"size\": [320, 400]}"}}, {"model": "thumbnail.kvstore", "pk": "sorl-thumbnail||image||f7761b89e2c27bea3aaac26dd9bbd1e3", "fields": {"value": "{\"name\": \"cache/e4/8a/e48a349ab3c08c5db9b6b261082bf746.jpg\", \"storage\": \"django.core.files.storage.filesystem.FileSystemStorage\", \"size\": [320, 400]}"}}, {"model": "thumbnail.kvstore", "pk": "sorl-thumbnail||image||f8fd4a0b701da3a14f780b5877aaae8f", "fields": {"value": "{\"name\": \"cache/f5/22/f522e2a13f8f981cd54a3b9e3072cc0f.jpg\", \"storage\": \"django.core.files.storage.filesystem.FileSystemStorage\", \"size\": [320, 400]}"}}, {"model": "thumbnail.kvstore", "pk": "sorl-thumbnail||thumbnails||04d7b44ba443ba45405539e88bcaf197", "fields": {"value": "[\"0a6ba0294efb9ae6b48fddf337a46a35\"]"}}, {"model": "thumbnail.kvstore", "pk": "sorl-thumbnail||thumbnails||114fae796c8c1e47d420af1673ef4f89", "fields": {"value": "[\"caaedc118e20711b63d094b93ff1d619\"]"}}, {"model": "thumbnail.kvstore", "pk": "sorl-thumbnail||thumbnails||22f61cea8589ecaf5778cafaacb088cd", "fields": {"value": "[\"5ad53c175e0fbf2e6e68a9e25600b635\"]"}}, {"model": "thumbnail.kvstore", "pk": "sorl-thumbnail||thumbnails||2d8348b5079febdfe42369bb3249b4c2", "fields": {"value": "[\"2a1c40f613a9e3acc91d36f5763614ba\"]"}}, {"model": "thumbnail.kvstore", "pk": "sorl-thumbnail||thumbnails||38b012ac00f00af659fd8b5ebdf9bfeb", "fields": {"value": "[\"44a576271fb8d8543ae09236def8edb1\"]"}}, {"model": "thumbnail.kvstore", "pk": "sorl-thumbnail||thumbnails||492a5443158e74a3a0e3d09281477c82", "fields": {"value": "[\"9237071e73ea3db62be74221d73b2556\", \"dd15ffcbd7c65b3e881a3893e09ea454\"]"}}, {"model": "thumbnail.kvstore", "pk": "sorl-thumbnail||thumbnails||5f5ed02bc2477fc3d98238c5a939bc92", "fields": {"value": "[\"46347163fe4a3cf321448be243dbf444\", \"f8fd4a0b701da3a14f780b5877aaae8f\"]"}}, {"model": "thumbnail.kvstore", "pk": "sorl-thumbnail||thumbnails||677c52e5a771d10cb03ef3c8472c116f", "fields": {"value": "[\"7044e373e5ade8992f3328692213d191\"]"}}, {"model": "thumbnail.kvstore", "pk": "sorl-thumbnail||thumbnails||6f76b481432b595ed3feece345510fb8", "fields": {"value": "[\"69cc35a1b491a9e4889e1070d0f60a9e\"]"}}, {"model": "thumbnail.kvstore", "pk": "sorl-thumbnail||thumbnails||7326ed3ba6c7b4dc03743791443b38c4", "fields": {"value": "[\"00a70840601de20fe4cfe43d76882c9f\"]"}}, {"model": "thumbnail.kvstore", "pk": "sorl-thumbnail||thumbnails||8a66e9e037e3158adcd2af6b2be53efa", "fields": {"value": "[\"86189afad746f6b9a3b5576d072f05cd\"]"}}, {"model": "thumbnail.kvstore", "pk": "sorl-thumbnail||thumbnails||95a54eca457fddc78dfffd8daa948dbe", "fields": {"value": "[\"f60e5fc2bb7083b7b8afa567c46c8e70\", \"e71a0e0186ccbfc973968288635d628c\"]"}}, {"model": "thumbnail.kvstore", "pk": "sorl-thumbnail||thumbnails||a0365bd86030eeec7834c8a0b826af0e", "fields": {"value": "[\"c6a5bb24f88ea4634ac6161e35acb537\"]"}}, {"model": "thumbnail.kvstore", "pk": "sorl-thumbnail||thumbnails||ade9111700f8c0cbb9726eb640575bb8", "fields": {"value": "[\"668cc701499e18ba399edbc2f6b99b21\"]"}}, {"model": "thumbnail.kvstore", "pk": "sorl-thumbnail||thumbnails||b9901a235310460e3aeafe32bf739c29", "fields": {"value": "[\"6c51bff6486ba0d2c336e438b339b933\"]"}}, {"model": "thumbnail.kvstore", "pk": "sorl-thumbnail||thumbnails||ce40ab7351ef421be165ae86271f5720", "fields": {"value": "[\"1fc62d10b8c47a68ca1b22ab246fad79\"]"}}, {"model": "thumbnail.kvstore", "pk": "sorl-thumbnail||thumbnails||cfa9edb4fe74b0120f34563395253577", "fields": {"value": "[\"46b78cfe24fd59b7161c68aac12316db\"]"}}, {"model": "thumbnail.kvstore", "pk": "sorl-thumbnail||thumbnails||e0c80d5513de3c2d58f4607e4770924b", "fields": {"value": "[\"f7761b89e2c27bea3aaac26dd9bbd1e3\"]"}}, {"model": "thumbnail.kvstore", "pk": "sorl-thumbnail||thumbnails||eb8981334c40b3f881aaef868d4c6b11", "fields": {"value": "[\"dbc76794ada309098a4b7bf56d007628\", \"c90ee6f5d70e023614e740b3a933f415\"]"}}, {"model": "django_celery_results.taskresult", "pk": 1, "fields": {"task_id": "d1c3182b-3e06-4a50-a30c-91216d3f2b61", "periodic_task_name": null, "task_name": "payment.tasks.send_order_confirmation", "task_args": "\"('13',)\"", "task_kwargs": "\"{}\"", "status": "SUCCESS", "worker": "celery@Angelinas-Air.fritz.box", "content_type": "application/json", "content_encoding": "utf-8", "result": "0", "date_created": "2025-01-23T16:02:52.094Z", "date_done": "2025-01-23T16:02:52.094Z", "traceback": null, "meta": "{\"children\": []}"}}, {"model": "django_celery_results.taskresult", "pk": 2, "fields": {"task_id": "0515d891-47e4-4489-88f7-715bd1d0c963", "periodic_task_name": null, "task_name": "payment.tasks.send_order_confirmation", "task_args": "\"('18',)\"", "task_kwargs": "\"{}\"", "status": "SUCCESS", "worker": "celery@Angelinas-Air.fritz.box", "content_type": "application/json", "content_encoding": "utf-8", "result": "1", "date_created": "2025-01-31T10:42:08.850Z", "date_done": "2025-01-31T10:42:08.850Z", "traceback": null, "meta": "{\"children\": []}"}}, {"model": "store.category", "pk": 3, "fields": {"name": "Skincare", "parent": null, "slug": "skincare", "created_at": "2025-01-15T12:20:09.932Z"}}, {"model": "store.category", "pk": 4, "fields": {"name": "Moisturizers", "parent": 3, "slug": "moisturizers", "created_at": "2025-01-15T12:20:27.540Z"}}, {"model": "store.category", "pk": 5, "fields": {"name": "Makeup removers", "parent": 3, "slug": "makeup-removers", "created_at": "2025-01-15T12:20:40.357Z"}}, {"model": "store.category", "pk": 6, "fields": {"name": "Exfoliants", "parent": 3, "slug": "exfoliants", "created_at": "2025-01-15T12:20:53.064Z"}}, {"model": "store.category", "pk": 7, "fields": {"name": "Makeup", "parent": null, "slug": "makeup", "created_at": "2025-01-15T12:21:00.547Z"}}, {"model": "store.category", "pk": 9, "fields": {"name": "Foundation/BB creams", "parent": 7, "slug": "foundation-bb-creams", "created_at": "2025-01-15T13:21:33.649Z"}}, {"model": "store.category", "pk": 10, "fields": {"name": "Masks", "parent": 3, "slug": "masks", "created_at": "2025-01-15T13:21:43.316Z"}}, {"model": "store.category", "pk": 11, "fields": {"name": "Sunscreen", "parent": 3, "slug": "sunscreen", "created_at": "2025-01-15T13:21:58.421Z"}}, {"model": "store.category", "pk": 12, "fields": {"name": "Setting sprays", "parent": 7, "slug": "setting-sprays", "created_at": "2025-01-29T13:16:44.125Z"}}, {"model": "store.category", "pk": 13, "fields": {"name": "Haircare", "parent": null, "slug": "haircare", "created_at": "2025-01-29T13:16:50.886Z"}}, {"model": "store.category", "pk": 14, "fields": {"name": "Bodycare", "parent": null, "slug": "bodycare", "created_at": "2025-01-29T13:16:59.876Z"}}, {"model": "store.category", "pk": 15, "fields": {"name": "Perfumes", "parent": null, "slug": "perfumes", "created_at": "2025-01-29T13:17:07.625Z"}}, {"model": "store.item", "pk": 2, "fields": {"category": 4, "name": "Vinoperfect serum", "brand": "Caudalie", "description": "Both effective and ultra-gentle on the skin, the Brightening Anti-Dark Spot Serum corrects and prevents the appearance of spots for a more radiant complexion. It works on all types of spots (sun, acne, pregnancy, age) and is suitable for all skin types, including the most sensitive.", "slug": "vinoperfect-serum", "price": "39.99", "image": "items/items/2025/01/15/1.jpg", "availability": true, "created_at": "2025-01-15T13:20:28.279Z", "updated_at": "2025-01-15T13:20:28.279Z"}}, {"model": "store.item", "pk": 3, "fields": {"category": 9, "name": "M Perfect Cover BB Cream SPF42", "brand": "Missha", "description": "MISSHA’s multifunctional BB cream perfectly covers imperfections, evens out skin tone, and smooths fine lines. Ideal for daily use, it simplifies your skincare routine. The buildable formula offers light to medium coverage. It provides toning, moisturizing, and soothing action thanks to propylene glycol, hydrolyzed collagen, sodium hyaluronate, rosemary extract, and macadamia seed oil. The formula, with SPF 42 PA++, protects the skin from UVA and UVB rays. Available in the shade light beige.", "slug": "m-perfect-cover-bb-cream-spf42", "price": "7.99", "image": "items/items/2025/01/15/2.jpg", "availability": true, "created_at": "2025-01-15T13:23:12.951Z", "updated_at": "2025-01-15T13:23:12.951Z"}}, {"model": "store.item", "pk": 4, "fields": {"category": 10, "name": "Clear Improvement Charcoal Mask", "brand": "Origins", "description": "This purifying charcoal mask unclogs pores, leaving the skin perfectly cleansed. It deeply purifies, absorbs toxins caused by environmental factors, and eliminates impurities.", "slug": "clear-improvement-charcoal-mask", "price": "11.99", "image": "items/items/2025/01/15/3.jpg", "availability": true, "created_at": "2025-01-15T13:24:56.188Z", "updated_at": "2025-01-15T13:24:56.188Z"}}, {"model": "store.item", "pk": 5, "fields": {"category": 4, "name": "Cleanance Hydra Soothing cream", "brand": "Avene", "description": "It is a soothing and moisturizing treatment specifically designed for skin dried out by acne medication.\r\n\r\nAvène Eau Thermale Cleanance Hydra Soothing Cream helps restore skin comfort.\r\n\r\nThe Avène Thermal Spring Water in Cleanance Hydra Soothing Cream delivers all its soothing and softening properties.\r\n\r\nThanks to a key active ingredient, dextran sulfate, Cleanance Hydra Soothing Cream calms and reduces redness.\r\n\r\nIts moisturizing and emollient ingredients help rebuild the altered hydrolipidic film to improve skin comfort.\r\n\r\nAvène Eau Thermale Cleanance Hydra Soothing Cream is a rich, non-greasy cream that is easy to apply and quickly absorbed.\r\n\r\nThe skin is soothed and hydrated.\r\n\r\nThanks to Avène Eau Thermale Cleanance Hydra Soothing Cream, it is easier to continue your drying medication treatment regularly.", "slug": "cleanance-hydra-soothing-cream", "price": "14.99", "image": "items/items/2025/01/15/4.jpg", "availability": true, "created_at": "2025-01-15T13:26:23.296Z", "updated_at": "2025-01-15T13:26:23.296Z"}}, {"model": "store.item", "pk": 6, "fields": {"category": 4, "name": "Endocare gel cream", "brand": "Cantabria Labs", "description": "Formulated as a creamy, non-greasy gel, this product contains regenerating and antioxidant ingredients that help reduce visible signs of photoaging and accelerate skin regeneration after dermocosmetic treatments.\r\n\r\nEnriched with SCA Biorepair Technology, a natural source of skin regeneration with antioxidant and reparative properties. Clinically proven effectiveness on stressed and photoaged skin.", "slug": "endocare-gel-cream", "price": "29.99", "image": "items/items/2025/01/15/5.jpg", "availability": true, "created_at": "2025-01-15T13:27:41.483Z", "updated_at": "2025-01-15T13:27:41.483Z"}}, {"model": "store.item", "pk": 7, "fields": {"category": 11, "name": "Sunbrella demi make-up SPF 30", "brand": "Holy Land", "description": "Sunscreen SPF 30 combines chemical and physical protection factors for optimal defense. Its chemical filters contribute to a lightweight, smooth texture, while zinc oxide, as a physical filter, offers protection and anti-inflammatory benefits. Ideal for breakout-prone skin, regular use of Sunbrella helps minimize imperfections. The matte finish is perfect for warm weather care, and its subtle tint evens out skin tone, eliminating the need for multiple products by providing coverage and protection in one step.", "slug": "sunbrella-demi-make-up-spf-30", "price": "29.99", "image": "items/items/2025/01/15/6.jpg", "availability": true, "created_at": "2025-01-15T13:29:39.018Z", "updated_at": "2025-01-15T13:29:39.018Z"}}, {"model": "store.item", "pk": 8, "fields": {"category": 11, "name": "Heliocare Age Active Fluid", "brand": "Cantabria Labs", "description": "Daily photoprotective treatment against signs of aging. It offers broad-spectrum protection and helps prevent and repair skin aging caused by sun exposure and other environmental stress factors.\r\n\r\nIts innovative formulation creates an anti-pollution protective film, while its triple anti-aging complex (Hyaluronic Acid, Serine, Trehalose) helps reduce wrinkles and restore firmness.\r\n\r\nIts broad-spectrum photoprotection helps prevent signs of aging caused by UVB, UVA, visible light, and IR-A. The presence of Fernblock®+ and glycosylase protects against the effects of oxidative stress and pollution, factors associated with skin aging processes.", "slug": "heliocare-age-active-fluid", "price": "14.99", "image": "items/items/2025/01/29/1.png", "availability": true, "created_at": "2025-01-29T13:11:57.105Z", "updated_at": "2025-01-29T13:11:57.105Z"}}, {"model": "store.item", "pk": 9, "fields": {"category": 4, "name": "Soothing eye contour cream", "brand": "Avene", "description": "This eye contour treatment has an emollient effect on sensitive eyelids and provides a soothing, lightweight sensation.\r\n\r\nIts formula, enriched with moisturizing agents, protects the eye contour and eyelids. It soothes this delicate and fragile area, combats the feeling of tightness, and reduces redness around the eyes.\r\n\r\nRich in Avène Thermal Spring Water, the Soothing Eye Contour Treatment helps strengthen the skin barrier. Fragrance-free.", "slug": "soothing-eye-contour-cream", "price": "14.99", "image": "items/items/2025/01/29/2.png", "availability": true, "created_at": "2025-01-29T13:13:30.346Z", "updated_at": "2025-01-29T13:13:30.346Z"}}, {"model": "store.item", "pk": 10, "fields": {"category": 4, "name": "Age Stellar Extra intense angi-age youth cream", "brand": "Ten Science", "description": "An extraordinary texture with a cotton-like touch and a warm, captivating fragrance. To act on wrinkles on four fronts: quantity width, dryness and depth. A formulation rich in high performing active ingredients to fight of skin aging.", "slug": "age-stellar-extra-intense-angi-age-youth-cream", "price": "9.99", "image": "items/items/2025/01/29/3.png", "availability": true, "created_at": "2025-01-29T13:15:07.331Z", "updated_at": "2025-01-29T13:15:07.331Z"}}, {"model": "store.item", "pk": 11, "fields": {"category": 4, "name": "Firming eye cream", "brand": "BioFor", "description": "Firming Eye Cream is designed to firm the skin, enhance hydration, and slow the appearance of aging signs around the eyes. It works to refine fine lines, improve elasticity, and strengthen the skin’s structure and function, addressing the unique challenges of this sensitive area.", "slug": "firming-eye-cream", "price": "29.99", "image": "items/items/2025/01/29/4.png", "availability": true, "created_at": "2025-01-29T13:16:15.687Z", "updated_at": "2025-01-29T13:16:15.687Z"}}, {"model": "store.item", "pk": 12, "fields": {"category": 12, "name": "Airbrush Flawless Setting Spray", "brand": "Charlotte Tilbury", "description": "This delicately scented, LONG-LASTING lightweight setting spray WEIGHTLESSLY sets the look of your makeup without melting, fading or settling into fine lines. Instantly lock in your look for makeup magic that looks ‘just applied’!", "slug": "airbrush-flawless-setting-spray", "price": "34.99", "image": "items/items/2025/01/29/5.png", "availability": true, "created_at": "2025-01-29T13:18:56.304Z", "updated_at": "2025-01-29T13:18:56.304Z"}}, {"model": "store.item", "pk": 13, "fields": {"category": 13, "name": "Uniq One All in One Hair Treatment", "brand": "Revlon", "description": "Discover 10 benefits in a single product. Revlon Professional Uniq One All In One Classic provides a revitalizing treatment for all hair types. This revolutionary leave-in spray tackles nearly all hair concerns.\r\n\r\nPlus, it leaves your hair with a captivating fragrance—starting with notes of pineapple, green apple, and pear, followed by a floral blend of peony, lily of the valley, patchouli, and orange blossom. The scent is perfectly finished with cedarwood and raspberry.\r\n\r\nFrom now on, you won’t need dozens of hair care bottles in your bathroom—just one is enough!", "slug": "uniq-one-all-in-one-hair-treatment", "price": "7.99", "image": "items/items/2025/01/29/6.png", "availability": true, "created_at": "2025-01-29T13:20:15.156Z", "updated_at": "2025-01-29T13:20:15.156Z"}}, {"model": "store.item", "pk": 14, "fields": {"category": 14, "name": "Cherry body cream", "brand": "Mario Fissi", "description": "Nourish your skin with the expertise of Mario Fissi Laboratories. Mario Fissi Soothing Cherry Body Cream is a must-have for normal to dry skin.\r\n\r\nIts rich texture is enhanced with cherry extract and shea butter, natural ingredients that nourish, soothe, and calm the skin.\r\n\r\nApplied daily after a bath or shower, this body cream deeply nourishes the epidermis, leaving it soft, velvety, and delicately scented.\r\n\r\nWith a fully biodegradable formula and packaging that uses 50% less plastic, this product is also environmentally friendly.", "slug": "cherry-body-cream", "price": "2.99", "image": "items/items/2025/01/29/7.png", "availability": true, "created_at": "2025-01-29T13:21:29.606Z", "updated_at": "2025-01-29T13:21:29.606Z"}}, {"model": "store.item", "pk": 15, "fields": {"category": 14, "name": "Cocoa Butter Body Cream", "brand": "Nivea", "description": "Nivea Cocoa Butter Body Cream is an extra-moisturizing treatment specially designed for dry skin.\r\n\r\nFormulated with Intensive Hydration Serum, Cocoa Butter, and Vitamin E, this Nivea cream provides deep and nourishing hydration, giving the skin a natural glow and a smooth, soft feel.\r\n\r\nThis cream cares for your skin in five ways:\r\n\t•\tProvides 48-hour intense hydration\r\n\t•\tLeaves skin incredibly soft\r\n\t•\tProtects against dehydration\r\n\t•\tDeeply nourishes\r\n\t•\tInstantly gives a healthy, radiant appearance\r\n\r\nTreat yourself to a moment of relaxation—apply the cream daily, massaging it gently into your skin.", "slug": "cocoa-butter-body-cream", "price": "3.99", "image": "items/items/2025/01/29/8.png", "availability": true, "created_at": "2025-01-29T13:23:17.589Z", "updated_at": "2025-01-29T13:23:17.589Z"}}, {"model": "store.item", "pk": 16, "fields": {"category": 13, "name": "Forever Glow styling oil", "brand": "Pantene Pro-V", "description": "The Pantene Pro-V Forever Glow Hair Oil protects against daily aggressors such as UV rays and humidity. Used after styling, this oil provides: 24-hour hold, strength, and shine, while nourishing the hair and helping to prevent split ends, ensuring a well-groomed look with strong, radiant hair.", "slug": "forever-glow-styling-oil", "price": "3.99", "image": "items/items/2025/01/29/9.png", "availability": true, "created_at": "2025-01-29T13:24:54.201Z", "updated_at": "2025-01-29T13:24:54.201Z"}}, {"model": "store.item", "pk": 17, "fields": {"category": 15, "name": "Irresistible", "brand": "Givenchy", "description": "Irresistible Givenchy, a fragrance that invites you to let go.\r\n\r\nThe new Givenchy Irresistible Eau de Toilette celebrates feminine allure, blending a radiant rose with the softest musky woods.\r\n\r\nPaired with iris and an exceptional blackcurrant bud, this irresistible rose is fruity, light, and ethereal.\r\n\r\nBase notes of Virginia cedarwood and white musk enhance the bold femininity of this new Givenchy fragrance.\r\n\r\nThis Eau de Toilette is an invitation to surrender to a liberating dance and embrace the impulse to be yourself.", "slug": "irresistible", "price": "49.99", "image": "items/items/2025/01/29/10.png", "availability": true, "created_at": "2025-01-29T13:26:12.071Z", "updated_at": "2025-01-29T13:26:12.071Z"}}, {"model": "store.item", "pk": 18, "fields": {"category": 13, "name": "Coconut Milk Anti breakage serum", "brand": "Ogx Beauty", "description": "Strengthen & hydrate hair without weighing it down with this deeply nourishing anti-breakage hair serum. A tantalizing blend with coconut milk, coconut oil & egg white protein works to repair strands.", "slug": "coconut-milk-anti-breakage-serum", "price": "12.99", "image": "items/items/2025/01/29/11.png", "availability": true, "created_at": "2025-01-29T13:27:51.482Z", "updated_at": "2025-01-29T13:27:51.482Z"}}, {"model": "store.item", "pk": 19, "fields": {"category": 13, "name": "Dry shampoo", "brand": "Alama Professional", "description": "Dry Shampoo with Rice Starch, known for its gentle emollient properties, refreshes and cleanses the hair without the need for water. Hair is instantly clean, revitalized, and regains its natural volume, as if freshly washed.\r\n\r\nIt absorbs excess oil and eliminates unwanted odors, leaving hair with a fresh, delicate fragrance.\r\n\r\nNo residue left behind.", "slug": "dry-shampoo", "price": "3.99", "image": "items/items/2025/01/29/12.png", "availability": true, "created_at": "2025-01-29T13:29:00.612Z", "updated_at": "2025-01-29T13:29:00.612Z"}}, {"model": "store.item", "pk": 20, "fields": {"category": 13, "name": "High Tech hair spray", "brand": "Lisap", "description": "Professional high-tech hairspray with an ideal evaporation rate to define movement and create volume.\r\n\r\nIt ensures shine and active hydration, making it perfect for all hairstyling techniques.\r\n\r\nNeutral fragrance.", "slug": "high-tech-hair-spray", "price": "12.99", "image": "items/items/2025/01/29/13.png", "availability": true, "created_at": "2025-01-29T13:30:13.525Z", "updated_at": "2025-01-29T13:30:13.525Z"}}, {"model": "payment.shippingaddress", "pk": 3, "fields": {"user": 1, "first_name": "First name", "last_name": "Last name", "email": "test@example.com", "street_name_number": "Street 4", "city": "City", "country": "USA", "zip_code": "0000"}}, {"model": "payment.shippingaddress", "pk": 4, "fields": {"user": 2, "first_name": "", "last_name": "", "email": "", "street_name_number": "", "city": "", "country": "", "zip_code": ""}}, {"model": "payment.shippingaddress", "pk": 5, "fields": {"user": null, "first_name": "No account first", "last_name": "No account last", "email": "noaccount@example.com", "street_name_number": "Street 4", "city": "City", "country": "Country", "zip_code": "0000"}}, {"model": "payment.order", "pk": 1, "fields": {"user": 1, "shipping_address": 3, "amount": "59.98", "created": "2025-01-22T15:19:48.088Z", "updated": "2025-01-22T15:19:48.094Z", "paid": false, "discount": 0}}, {"model": "payment.order", "pk": 2, "fields": {"user": 1, "shipping_address": 3, "amount": "59.98", "created": "2025-01-22T15:20:13.339Z", "updated": "2025-01-22T15:20:13.348Z", "paid": false, "discount": 0}}, {"model": "payment.order", "pk": 3, "fields": {"user": 1, "shipping_address": 3, "amount": "11.99", "created": "2025-01-22T15:21:23.328Z", "updated": "2025-01-22T15:21:23.328Z", "paid": false, "discount": 0}}, {"model": "payment.order", "pk": 4, "fields": {"user": 2, "shipping_address": 4, "amount": "14.99", "created": "2025-01-23T10:54:31.896Z", "updated": "2025-01-23T10:54:31.896Z", "paid": false, "discount": 0}}, {"model": "payment.order", "pk": 5, "fields": {"user": 2, "shipping_address": 4, "amount": "44.98", "created": "2025-01-23T11:02:09.330Z", "updated": "2025-01-23T11:02:09.330Z", "paid": false, "discount": 0}}, {"model": "payment.order", "pk": 6, "fields": {"user": 2, "shipping_address": 4, "amount": "44.98", "created": "2025-01-23T12:09:47.223Z", "updated": "2025-01-23T12:09:47.223Z", "paid": false, "discount": 0}}, {"model": "payment.order", "pk": 7, "fields": {"user": 2, "shipping_address": 4, "amount": "44.98", "created": "2025-01-23T12:11:03.133Z", "updated": "2025-01-23T12:11:03.133Z", "paid": false, "discount": 0}}, {"model": "payment.order", "pk": 8, "fields": {"user": 2, "shipping_address": 4, "amount": "53.97", "created": "2025-01-23T13:50:08.742Z", "updated": "2025-01-23T13:50:08.742Z", "paid": false, "discount": 0}}, {"model": "payment.order", "pk": 9, "fields": {"user": 1, "shipping_address": 3, "amount": "119.97", "created": "2025-01-23T13:56:10.879Z", "updated": "2025-01-23T13:56:10.879Z", "paid": false, "discount": 0}}, {"model": "payment.order", "pk": 10, "fields": {"user": 1, "shipping_address": 3, "amount": "79.98", "created": "2025-01-23T13:58:35.614Z", "updated": "2025-01-23T13:58:35.614Z", "paid": false, "discount": 0}}, {"model": "payment.order", "pk": 11, "fields": {"user": 1, "shipping_address": 3, "amount": "79.98", "created": "2025-01-23T13:58:36.397Z", "updated": "2025-01-23T13:59:02.412Z", "paid": true, "discount": 0}}, {"model": "payment.order", "pk": 12, "fields": {"user": 1, "shipping_address": 3, "amount": "7.99", "created": "2025-01-23T15:57:33.709Z", "updated": "2025-01-23T15:57:33.709Z", "paid": false, "discount": 0}}, {"model": "payment.order", "pk": 13, "fields": {"user": 1, "shipping_address": 3, "amount": "29.99", "created": "2025-01-23T16:02:32.442Z", "updated": "2025-01-23T16:02:51.807Z", "paid": true, "discount": 0}}, {"model": "payment.order", "pk": 14, "fields": {"user": 1, "shipping_address": 3, "amount": "41.98", "created": "2025-01-27T16:12:03.708Z", "updated": "2025-01-27T16:12:03.708Z", "paid": false, "discount": 0}}, {"model": "payment.order", "pk": 15, "fields": {"user": 1, "shipping_address": 3, "amount": "19.98", "created": "2025-01-28T09:02:54.741Z", "updated": "2025-01-28T09:02:54.741Z", "paid": false, "discount": 0}}, {"model": "payment.order", "pk": 16, "fields": {"user": 1, "shipping_address": 3, "amount": "39.99", "created": "2025-01-28T09:09:55.176Z", "updated": "2025-01-28T09:09:55.176Z", "paid": false, "discount": 0}}, {"model": "payment.order", "pk": 17, "fields": {"user": null, "shipping_address": 5, "amount": "29.99", "created": "2025-01-29T14:15:11.602Z", "updated": "2025-01-29T14:15:11.602Z", "paid": false, "discount": 0}}, {"model": "payment.order", "pk": 18, "fields": {"user": 1, "shipping_address": 3, "amount": "65.96", "created": "2025-01-31T10:41:24.515Z", "updated": "2025-01-31T10:42:08.815Z", "paid": true, "discount": 0}}, {"model": "payment.orderitem", "pk": 1, "fields": {"user": 1, "order": 2, "item": 6, "price": "29.99", "quantity": 2}}, {"model": "payment.orderitem", "pk": 2, "fields": {"user": 1, "order": 3, "item": 4, "price": "11.99", "quantity": 1}}, {"model": "payment.orderitem", "pk": 3, "fields": {"user": 2, "order": 4, "item": 5, "price": "14.99", "quantity": 1}}, {"model": "payment.orderitem", "pk": 4, "fields": {"user": 2, "order": 5, "item": 5, "price": "14.99", "quantity": 1}}, {"model": "payment.orderitem", "pk": 5, "fields": {"user": 2, "order": 6, "item": 5, "price": "14.99", "quantity": 1}}, {"model": "payment.orderitem", "pk": 6, "fields": {"user": 2, "order": 7, "item": 5, "price": "14.99", "quantity": 1}}, {"model": "payment.orderitem", "pk": 7, "fields": {"user": 2, "order": 8, "item": 4, "price": "11.99", "quantity": 2}}, {"model": "payment.orderitem", "pk": 8, "fields": {"user": 2, "order": 8, "item": 7, "price": "29.99", "quantity": 1}}, {"model": "payment.orderitem", "pk": 9, "fields": {"user": 1, "order": 9, "item": 2, "price": "39.99", "quantity": 3}}, {"model": "payment.orderitem", "pk": 10, "fields": {"user": 1, "order": 10, "item": 2, "price": "39.99", "quantity": 2}}, {"model": "payment.orderitem", "pk": 11, "fields": {"user": 1, "order": 11, "item": 2, "price": "39.99", "quantity": 2}}, {"model": "payment.orderitem", "pk": 12, "fields": {"user": 1, "order": 12, "item": 3, "price": "7.99", "quantity": 1}}, {"model": "payment.orderitem", "pk": 13, "fields": {"user": 1, "order": 13, "item": 7, "price": "29.99", "quantity": 1}}, {"model": "payment.orderitem", "pk": 14, "fields": {"user": 1, "order": 14, "item": 4, "price": "11.99", "quantity": 1}}, {"model": "payment.orderitem", "pk": 15, "fields": {"user": 1, "order": 14, "item": 6, "price": "29.99", "quantity": 1}}, {"model": "payment.orderitem", "pk": 16, "fields": {"user": 1, "order": 15, "item": 4, "price": "11.99", "quantity": 1}}, {"model": "payment.orderitem", "pk": 17, "fields": {"user": 1, "order": 15, "item": 3, "price": "7.99", "quantity": 1}}, {"model": "payment.orderitem", "pk": 18, "fields": {"user": 1, "order": 16, "item": 2, "price": "39.99", "quantity": 1}}, {"model": "payment.orderitem", "pk": 19, "fields": {"user": null, "order": 17, "item": 6, "price": "29.99", "quantity": 1}}, {"model": "payment.orderitem", "pk": 20, "fields": {"user": 1, "order": 18, "item": 15, "price": "3.99", "quantity": 2}}, {"model": "payment.orderitem", "pk": 21, "fields": {"user": 1, "order": 18, "item": 3, "price": "7.99", "quantity": 1}}, {"model": "payment.orderitem", "pk": 22, "fields": {"user": 1, "order": 18, "item": 17, "price": "49.99", "quantity": 1}}, {"model": "reviews.review", "pk": 3, "fields": {"item": 6, "author": 1, "rating": 10, "content": "I absolutely swear by it!", "created": "2025-01-28T15:27:38.365Z"}}, {"model": "reviews.review", "pk": 4, "fields": {"item": 5, "author": 1, "rating": 9, "content": "Highly recommended!", "created": "2025-01-28T15:28:00.015Z"}}, {"model": "reviews.review", "pk": 5, "fields": {"item": 4, "author": 5, "rating": 10, "content": "Love this mask!", "created": "2025-01-30T08:35:46.344Z"}}]